,City,Country,Lat,Lng,Max Temp,Humidity,Cloudiness,Wind Speed,Current Description
0,Yellowknife,CA,62.46,-114.35,-11.99,75,20,2.24,few clouds
1,Lagoa,PT,39.05,-27.98,55.9,66,51,27.51,broken clouds
2,Kapaa,US,22.08,-159.32,71.6,64,40,10.29,scattered clouds
3,Mehamn,NO,71.04,27.85,35.04,84,100,13.31,overcast clouds
4,Hommelvik,NO,63.41,10.79,27.0,92,0,1.12,clear sky
5,Esperance,AU,-33.87,121.9,51.8,76,0,4.7,clear sky
6,Port Alfred,ZA,-33.59,26.89,67.77,78,73,12.17,light rain
7,Verkhnyaya Inta,RU,65.98,60.31,9.91,94,90,9.66,overcast clouds
8,Hobart,AU,-42.88,147.33,59.0,72,90,8.05,light intensity shower rain
9,Ushuaia,AR,-54.8,-68.3,42.8,75,40,14.99,scattered clouds
10,Puerto Ayora,EC,-0.74,-90.35,77.0,73,75,14.99,broken clouds
11,Hithadhoo,MV,-0.6,73.08,81.91,75,81,8.61,broken clouds
12,Kavieng,PG,-2.57,150.8,82.69,82,99,15.12,light rain
13,Pulandian,CN,39.4,121.97,28.4,54,75,2.24,broken clouds
14,Deputatskiy,RU,69.3,139.9,-8.14,93,91,2.46,overcast clouds
15,Jamestown,US,42.1,-79.24,39.0,69,90,10.29,overcast clouds
16,San Vicente,AR,-26.62,-54.13,95.31,29,11,4.94,few clouds
17,Kahului,US,20.89,-156.47,71.6,78,75,6.93,light rain
18,Baruun-Urt,MN,46.68,113.28,-0.11,87,2,4.7,clear sky
19,Busselton,AU,-33.65,115.33,48.0,89,69,7.99,broken clouds
20,Paamiut,GL,61.99,-49.67,32.31,97,100,17.38,light snow
21,Punta Arenas,CL,-53.15,-70.92,44.6,65,75,13.87,broken clouds
22,Cidreira,BR,-30.18,-50.21,76.89,76,92,18.39,light rain
23,Georgetown,MY,5.41,100.34,77.0,94,20,5.88,few clouds
24,Rikitea,PF,-23.12,-134.97,76.39,83,98,13.04,overcast clouds
25,Srednekolymsk,RU,67.45,153.68,-4.29,92,95,4.79,overcast clouds
26,Diamantino,BR,-14.41,-56.45,94.17,37,75,6.29,broken clouds
27,Talara,PE,-4.58,-81.27,80.6,57,0,12.75,clear sky
28,Vezirkopru,TR,41.14,35.45,37.4,51,0,2.24,clear sky
29,Bluff,NZ,-46.6,168.33,52.0,80,69,11.99,broken clouds
30,Ilulissat,GL,69.22,-51.1,10.4,51,20,4.7,few clouds
31,Shelburne,CA,44.08,-80.2,41.0,83,15,14.43,few clouds
32,Nikolskoye,RU,59.7,30.79,33.8,80,90,11.18,overcast clouds
33,San Matias,BO,-16.37,-58.4,103.86,21,10,8.46,clear sky
34,Avarua,CK,-21.21,-159.78,77.0,88,61,10.29,broken clouds
35,Kruisfontein,ZA,-34.0,24.73,63.0,93,91,1.99,light rain
36,Tabou,CI,4.42,-7.35,81.99,73,14,7.63,few clouds
37,Saint George,US,37.1,-113.58,30.2,46,1,4.7,clear sky
38,Pisco,PE,-13.7,-76.22,69.8,73,0,10.29,clear sky
39,Beringovskiy,RU,63.05,179.32,10.13,95,86,15.1,overcast clouds
40,Sherlovaya Gora,RU,50.57,116.25,-2.09,93,0,3.33,clear sky
41,New Norfolk,AU,-42.78,147.06,57.99,73,100,2.35,moderate rain
42,Albany,US,42.6,-73.97,50.0,66,87,11.07,overcast clouds
43,Avera,US,33.19,-82.53,57.2,84,90,5.82,haze
44,Remanso,BR,-9.62,-42.08,85.37,46,84,9.28,broken clouds
45,Mar Del Plata,AR,-38.0,-57.56,84.2,54,90,12.75,overcast clouds
46,Golkoy,TR,40.69,37.62,48.2,87,0,2.24,clear sky
47,Vaini,TO,-21.2,-175.2,75.2,94,40,5.82,scattered clouds
48,Mandalay,MM,21.97,96.08,68.63,75,40,0.83,scattered clouds
49,Cuamba,MZ,-14.8,36.54,85.66,33,97,2.95,overcast clouds
50,Cape Town,ZA,-33.93,18.42,70.0,63,20,25.28,few clouds
51,Chokurdakh,RU,70.63,147.92,-9.09,92,100,6.58,overcast clouds
52,Hami,CN,42.8,93.45,23.68,80,24,3.49,few clouds
53,Mount Gambier,AU,-37.83,140.77,55.4,93,90,17.22,overcast clouds
54,Hamilton,US,39.18,-84.53,46.0,65,20,2.66,few clouds
55,Butaritari,KI,3.07,172.79,81.72,81,21,17.69,few clouds
56,Faya,SA,18.39,42.45,62.6,82,0,3.36,clear sky
57,Ahipara,NZ,-35.17,173.17,56.08,73,57,6.42,broken clouds
58,Great Yarmouth,GB,52.61,1.73,48.99,93,90,4.7,haze
59,Tiksi,RU,71.69,128.87,-2.36,91,42,8.99,scattered clouds
60,Malanje,AO,-9.54,16.34,68.18,94,99,4.16,moderate rain
61,Vao,NC,-22.67,167.48,71.78,67,6,14.45,clear sky
62,Atuona,PF,-9.8,-139.03,79.2,72,1,20.89,clear sky
63,Daru,PG,-9.08,143.21,78.76,79,87,5.48,overcast clouds
64,Salalah,OM,17.02,54.09,78.8,65,40,3.36,scattered clouds
65,Mataura,NZ,-46.19,168.86,52.0,80,45,11.99,light rain
66,Pathein,MM,16.78,94.73,71.58,78,0,3.22,clear sky
67,Hualmay,PE,-11.1,-77.61,72.1,61,71,11.21,broken clouds
68,Stokmarknes,NO,68.56,14.91,43.0,88,100,15.01,light rain
69,Djambala,CG,-2.54,14.75,71.19,90,98,1.45,light rain
70,Lebu,CL,-37.62,-73.65,60.26,78,91,8.08,overcast clouds
71,Jacmel,HT,18.23,-72.53,86.0,51,20,5.82,few clouds
72,Castro,BR,-24.79,-50.01,84.36,43,6,0.92,clear sky
73,East London,ZA,-33.02,27.91,71.6,68,0,9.17,clear sky
74,Manali,IN,13.17,80.27,80.6,94,75,2.24,broken clouds
75,Hilo,US,19.73,-155.09,66.2,82,1,5.82,clear sky
76,Ust-Kut,RU,56.79,105.77,4.23,91,92,1.99,overcast clouds
77,Viedma,AR,-40.81,-63.0,82.0,34,36,3.0,scattered clouds
78,Bullhead City,US,35.15,-114.57,55.99,29,5,13.87,clear sky
79,Gamba,GA,-2.65,10.0,77.13,86,35,5.99,scattered clouds
80,Ogdensburg,US,44.69,-75.49,41.0,93,90,8.05,overcast clouds
81,Narsaq,GL,60.92,-46.05,33.8,80,75,12.75,broken clouds
82,Arraial Do Cabo,BR,-22.97,-42.03,84.2,69,20,20.8,few clouds
83,Nanortalik,GL,60.14,-45.24,34.54,88,100,15.68,light snow
84,Ribeira Grande,PT,38.52,-28.7,57.2,58,40,6.93,scattered clouds
85,Tomatlan,MX,19.93,-105.25,87.78,57,11,1.03,few clouds
86,Noumea,NC,-22.28,166.46,66.2,77,0,3.36,clear sky
87,Kismayo,SO,-0.36,42.55,81.23,79,58,11.74,broken clouds
88,Port Hawkesbury,CA,45.62,-61.35,46.0,93,90,6.93,overcast clouds
89,Touros,BR,-5.2,-35.46,86.0,58,40,20.8,scattered clouds
90,Cabedelo,BR,-6.98,-34.83,86.0,58,40,18.34,scattered clouds
91,Ponta Do Sol,PT,32.67,-17.1,63.0,59,40,19.46,scattered clouds
92,Gigmoto,PH,13.78,124.39,79.72,85,79,13.02,broken clouds
93,Lata,PT,40.16,-8.33,55.99,80,96,8.99,overcast clouds
94,Gulariya,NP,28.23,81.33,60.17,46,0,1.61,clear sky
95,Barrow,US,71.29,-156.79,8.6,78,90,8.05,overcast clouds
96,Bethel,US,41.37,-73.41,52.0,57,40,10.29,scattered clouds
97,Huarmey,PE,-10.07,-78.15,73.02,60,52,12.46,broken clouds
98,Thunder Bay,CA,48.4,-89.32,36.0,74,75,8.05,broken clouds
99,Nuuk,GL,64.18,-51.72,24.8,68,40,4.7,scattered clouds
100,Emporia,US,38.4,-96.18,46.4,61,1,8.05,clear sky
101,Hecun,CN,36.53,114.11,32.16,90,2,2.77,clear sky
102,Griffith,US,41.53,-87.42,41.0,64,1,9.17,clear sky
103,General Roca,AR,-39.03,-67.58,82.4,24,0,5.82,clear sky
104,Belyy Yar,RU,53.6,91.39,14.0,85,90,2.24,light snow
105,Praia Da Vitoria,PT,38.73,-27.07,55.99,66,75,26.37,light intensity shower rain
106,Natal,BR,-5.79,-35.21,86.0,55,75,26.4,broken clouds
107,Thompson,CA,55.74,-97.86,12.2,92,90,2.24,light snow
108,Ahuimanu,US,21.44,-157.84,73.99,68,20,6.93,few clouds
109,Bredasdorp,ZA,-34.53,20.04,68.0,60,43,10.29,scattered clouds
110,Souillac,MU,-20.52,57.52,75.2,78,40,11.52,scattered clouds
111,Papara,BR,-3.98,-38.73,86.0,55,20,21.92,few clouds
112,Victoria,HK,22.29,114.16,69.01,66,0,10.74,clear sky
113,Payo,ID,-3.75,103.64,71.62,95,100,0.54,light rain
114,Lashio,MM,22.93,97.75,57.69,94,39,1.48,scattered clouds
115,San Patricio,US,28.02,-97.52,70.0,100,90,20.8,heavy intensity rain
116,Antofagasta,CL,-23.65,-70.4,69.8,56,0,11.41,clear sky
117,Port Hardy,CA,50.7,-127.42,42.8,86,40,6.93,scattered clouds
118,Tuktoyaktuk,CA,69.45,-133.04,6.8,84,90,4.7,light snow
119,Nemours,FR,48.28,2.69,48.2,70,0,4.7,clear sky
120,Sitka,US,57.05,-135.33,39.2,80,90,24.16,light rain
121,Guerrero Negro,MX,27.98,-114.06,63.19,38,55,1.3,broken clouds
122,Cockburn Town,TC,21.46,-71.14,78.15,67,2,10.45,clear sky
123,Mahebourg,MU,-20.41,57.7,75.2,78,40,12.03,scattered clouds
124,Angoche,MZ,-16.23,39.91,80.13,82,5,7.18,clear sky
125,Kathu,TH,7.92,98.33,77.0,94,75,2.24,broken clouds
126,Fukue,JP,32.69,128.84,51.51,64,54,15.1,broken clouds
127,Marzuq,YE,14.4,46.47,65.79,76,0,6.42,clear sky
128,Verkh-Usugli,RU,52.7,115.17,2.32,90,7,3.29,clear sky
129,Caravelas,BR,-17.71,-39.25,81.93,64,14,9.24,few clouds
130,Vila,PT,42.03,-8.16,54.0,76,88,6.2,overcast clouds
131,Acajutla,SV,13.59,-89.83,82.4,54,0,4.7,clear sky
132,Hermanus,ZA,-34.42,19.23,68.0,59,10,4.0,clear sky
133,Sola,VU,-13.88,167.55,77.0,100,90,15.32,overcast clouds
134,Olafsvik,IS,64.89,-23.71,35.83,84,100,14.2,overcast clouds
135,Nara,JP,34.69,135.8,48.99,68,77,2.21,broken clouds
136,Port Elizabeth,ZA,-33.92,25.57,64.4,93,90,8.05,overcast clouds
137,Kenai,US,60.55,-151.26,32.0,86,1,20.8,clear sky
138,Kaeo,NZ,-35.1,173.78,48.0,92,41,1.99,scattered clouds
139,Airai,TL,-8.93,125.41,62.71,100,100,1.34,overcast clouds
140,Batagay-Alyta,RU,67.8,130.41,-2.88,85,82,2.75,broken clouds
141,Tiznit,MA,29.58,-9.5,58.08,65,17,8.86,few clouds
142,Cherskiy,RU,68.75,161.3,-3.73,92,100,4.52,overcast clouds
143,Mattru,SL,7.62,-11.83,79.95,87,88,3.67,light rain
144,Ostrovnoy,RU,68.05,39.51,29.5,95,88,26.26,overcast clouds
145,Gobabis,NA,-22.45,18.97,84.2,37,89,8.05,overcast clouds
146,Upernavik,GL,72.79,-56.15,-0.58,72,77,6.78,broken clouds
147,Rio Gallegos,AR,-51.62,-69.22,53.6,25,75,27.51,broken clouds
148,Ghanzi,BW,-21.57,21.78,84.24,35,67,6.44,broken clouds
149,Alofi,NU,-19.06,-169.92,75.2,100,100,6.93,light rain
150,Nome,US,64.5,-165.41,24.8,68,90,11.41,overcast clouds
151,Dikson,RU,73.51,80.55,28.56,99,100,27.72,light snow
152,Shakhtinsk,KZ,49.71,72.59,19.4,79,75,2.24,light snow
153,Masuguru,TZ,-11.37,38.42,79.12,72,71,4.94,light rain
154,Fortuna,US,40.6,-124.16,46.99,100,1,3.36,clear sky
155,Varhaug,NO,58.61,5.65,42.8,75,75,12.75,light rain
156,Coihaique,CL,-45.58,-72.07,53.6,40,75,11.41,shower rain
157,Zhigansk,RU,66.77,123.37,-5.28,91,88,12.19,overcast clouds
158,Tuatapere,NZ,-46.13,167.68,52.0,81,47,11.99,scattered clouds
159,Padang,ID,-0.95,100.35,77.27,80,100,4.05,heavy intensity rain
160,Tasiilaq,GL,65.61,-37.64,14.0,47,20,1.12,few clouds
161,Northam,GB,51.03,-4.22,53.01,98,100,1.01,overcast clouds
162,Abbeville,FR,50.1,1.83,46.0,82,0,7.63,clear sky
163,Kavaratti,IN,10.57,72.64,82.83,68,68,7.07,broken clouds
164,Dunedin,NZ,-45.87,170.5,52.0,85,67,1.99,broken clouds
165,Oistins,BB,13.07,-59.53,86.0,74,20,14.99,few clouds
166,Bubaque,GW,11.28,-15.83,84.38,47,0,3.96,clear sky
167,Elizabeth City,US,36.29,-76.25,57.2,93,40,5.82,scattered clouds
168,Gorontalo,ID,0.54,123.06,76.77,88,100,2.53,overcast clouds
169,Krasnozerskoye,RU,53.98,79.24,13.57,93,100,10.11,overcast clouds
170,San Carlos De Bariloche,AR,-41.15,-71.31,60.8,51,40,26.4,shower rain
171,Qaanaaq,GL,77.48,-69.36,-0.58,85,100,6.31,overcast clouds
172,Saint-Philippe,RE,-21.36,55.77,77.0,69,90,3.36,overcast clouds
173,Rocha,UY,-34.48,-54.33,78.15,68,96,12.39,overcast clouds
174,Bengkulu,ID,-3.8,102.27,72.43,92,100,4.81,overcast clouds
175,Mayo,US,38.89,-76.51,57.99,54,40,11.41,scattered clouds
176,Los Llanos De Aridane,ES,28.66,-17.92,69.8,60,20,3.36,few clouds
177,Erzin,TR,36.96,36.2,64.99,47,64,7.43,broken clouds
178,Provideniya,RU,64.38,-173.3,17.74,91,59,14.74,broken clouds
179,Timmins,CA,48.47,-81.33,32.0,96,90,6.93,overcast clouds
180,Milkovo,RU,54.72,158.62,11.46,96,95,2.39,overcast clouds
181,Venice,US,27.1,-82.45,80.01,78,1,5.82,clear sky
182,Tilichiki,RU,60.47,166.1,2.28,91,91,11.07,overcast clouds
183,Severo-Kurilsk,RU,50.68,156.12,25.48,90,64,4.72,broken clouds
184,Kargasok,RU,59.06,80.86,3.38,94,13,4.54,few clouds
185,Mouila,GA,-1.87,11.06,79.36,84,63,2.48,moderate rain
186,Maldonado,UY,-34.67,-54.92,84.99,58,75,14.99,broken clouds
187,Dingle,PH,11.0,122.67,76.08,91,56,7.36,light rain
188,Klaksvik,FO,62.23,-6.59,42.8,93,100,6.93,light intensity drizzle
189,Port Hueneme,US,34.15,-119.2,64.0,13,1,17.22,clear sky
190,Sal Rei,CV,16.18,-22.92,77.0,57,75,16.11,broken clouds
191,Saskylakh,RU,71.92,114.08,11.46,93,83,13.89,broken clouds
192,Yar-Sale,RU,66.83,70.83,2.98,93,69,10.25,broken clouds
193,Sao Paulo De Olivenca,BR,-3.38,-68.87,85.66,75,100,1.83,moderate rain
194,Port Saint Lucie,US,27.29,-80.35,81.0,57,1,5.82,clear sky
195,Sao Jose Da Coroa Grande,BR,-8.9,-35.15,82.02,63,47,12.35,scattered clouds
196,Ixtapa,MX,20.7,-105.2,77.0,69,40,2.1,scattered clouds
197,Sabla,NG,12.75,4.71,87.03,21,17,5.53,few clouds
198,Swellendam,ZA,-34.02,20.44,68.0,60,73,10.29,broken clouds
199,Leirvik,NO,59.78,5.5,39.99,92,97,6.06,overcast clouds
200,Boyolangu,ID,-8.12,111.89,76.73,85,100,2.95,light rain
201,Port Lincoln,AU,-34.73,135.87,58.46,69,36,15.64,scattered clouds
202,Birao,CF,10.28,22.79,79.7,23,0,5.7,clear sky
203,Saint-Pierre,RE,-21.34,55.48,77.0,69,90,3.36,overcast clouds
204,Andenes,NO,69.31,16.12,43.0,87,100,13.87,light rain
205,La Ronge,CA,55.1,-105.28,17.6,85,100,6.93,overcast clouds
206,Cap Malheureux,MU,-19.98,57.61,75.99,74,5,5.99,clear sky
207,Bhanjanagar,IN,19.93,84.58,69.8,59,0,2.19,clear sky
208,Saint-Leu,RE,-21.15,55.28,77.0,69,90,3.36,overcast clouds
209,Midland,US,32.0,-102.08,44.01,87,90,10.29,overcast clouds
210,Uruguaiana,BR,-29.75,-57.09,86.0,51,75,17.22,broken clouds
211,Larap,PH,14.3,122.65,78.04,89,93,12.53,overcast clouds
212,Carnarvon,AU,-24.87,113.63,69.8,83,35,18.34,scattered clouds
213,Sialkot,PK,32.51,74.54,62.6,63,20,3.27,smoke
214,Kangaatsiaq,GL,68.31,-53.46,12.79,87,76,15.84,broken clouds
215,Danielskuil,ZA,-28.19,23.54,77.86,30,65,14.63,broken clouds
216,El Alto,PE,-4.27,-81.21,80.6,57,0,12.75,clear sky
217,Deer Lake,CA,49.17,-57.43,42.8,93,90,2.24,light intensity drizzle
218,Havelock,US,34.88,-76.9,57.99,87,90,5.82,light rain
219,Martapura,ID,-3.42,114.85,78.8,100,90,3.36,light rain
220,Kisangani,CD,0.52,25.2,77.0,78,75,3.31,broken clouds
221,Leningradskiy,RU,69.38,178.42,15.85,94,100,6.87,overcast clouds
222,Whitecourt,CA,54.15,-115.69,24.8,85,90,8.05,overcast clouds
223,Kindu,CD,-2.95,25.95,73.99,88,70,2.75,light rain
224,Te Anau,NZ,-45.42,167.72,43.34,88,68,0.85,broken clouds
225,Yulara,AU,-25.24,130.99,87.8,31,0,13.87,clear sky
226,Rovinj,HR,45.08,13.64,53.6,81,90,6.93,overcast clouds
227,Azangaro,PE,-14.92,-70.22,60.8,36,75,6.93,light rain
228,Bilibino,RU,68.05,166.44,-1.66,90,91,2.35,overcast clouds
229,Bonga,ET,7.28,36.23,61.47,87,32,0.56,light rain
230,Exeter,GB,50.72,-3.53,53.01,94,99,7.23,overcast clouds
231,Mount Isa,AU,-20.73,139.5,78.8,41,3,5.86,clear sky
232,Margate,GB,51.38,1.39,51.01,82,0,11.83,clear sky
233,Hare Bay,CA,48.85,-54.01,51.8,100,98,5.82,overcast clouds
234,Bintulu,MY,3.17,113.03,77.0,94,20,3.33,few clouds
235,Sorong,ID,-0.88,131.25,80.26,79,80,2.89,broken clouds
236,Lompoc,US,34.64,-120.46,46.4,60,1,6.93,clear sky
237,Talas,TR,38.69,35.55,37.4,51,0,0.45,clear sky
238,Naze,JP,28.37,129.48,64.4,55,69,11.41,broken clouds
239,Nhulunbuy,AU,-12.23,136.77,80.6,74,40,3.09,scattered clouds
240,Chuy,UY,-33.7,-53.46,77.11,73,94,14.16,light rain
241,Aswan,EG,24.09,32.91,65.64,31,0,10.78,clear sky
242,Alice Springs,AU,-23.7,133.88,93.2,23,1,20.8,clear sky
243,Calama,CL,-22.47,-68.93,71.6,14,0,13.87,clear sky
244,Poya,NC,-21.35,165.15,69.91,77,4,5.14,clear sky
245,Saldanha,ZA,-33.01,17.94,69.8,56,0,25.28,clear sky
246,Cayenne,GF,4.93,-52.33,80.6,100,8,3.36,heavy intensity rain
247,Talavera De La Reina,ES,39.96,-4.83,55.0,66,67,1.77,broken clouds
248,Handan,CN,36.6,114.47,33.35,83,8,4.36,clear sky
249,Ostend,BE,51.22,2.91,46.0,87,0,5.82,clear sky
250,Esna,EG,25.29,32.55,68.0,52,0,4.7,clear sky
251,Port Blair,IN,11.67,92.75,80.89,79,99,15.1,light rain
252,Champerico,GT,14.3,-91.92,86.0,70,40,4.7,scattered clouds
253,Hasaki,JP,35.73,140.83,39.2,80,75,2.24,broken clouds
254,Bahia Honda,CU,22.9,-83.16,79.54,58,0,5.44,clear sky
255,Portland,US,45.52,-122.68,39.99,93,90,0.29,mist
256,Hamina,FI,60.57,27.2,33.01,87,90,4.7,overcast clouds
257,Ishigaki,JP,24.34,124.16,69.78,76,21,25.79,few clouds
258,Ajdabiya,LY,30.76,20.23,64.47,51,0,12.21,clear sky
259,Belaya Gora,RU,68.53,146.42,-12.03,90,100,3.53,overcast clouds
260,Coral Springs,US,26.27,-80.27,81.0,61,40,3.36,scattered clouds
261,Jhalida,IN,23.37,85.97,62.6,63,0,4.83,haze
262,Natchitoches,US,31.77,-93.13,53.6,87,40,8.05,scattered clouds
263,Ambulu,ID,-8.35,113.61,76.55,87,100,2.86,light rain
264,Neath,GB,51.66,-3.8,55.0,87,100,3.36,overcast clouds
265,Yarada,IN,17.65,83.27,77.0,73,90,8.05,haze
266,Klyuchi,RU,52.27,79.17,22.39,96,100,11.25,light snow
267,Atkinson,US,42.84,-71.15,50.0,70,90,5.82,overcast clouds
268,Sibolga,ID,1.74,98.78,77.45,80,100,2.91,moderate rain
269,Khatanga,RU,71.97,102.5,11.86,96,100,18.12,light snow
270,Pangai,TO,-19.8,-174.35,77.0,88,100,22.19,moderate rain
271,Bathsheba,BB,13.22,-59.52,86.0,74,20,14.99,few clouds
272,Karratha,AU,-20.74,116.85,78.94,72,0,8.99,clear sky
273,Kungurtug,RU,50.6,97.52,0.18,86,47,0.94,scattered clouds
274,Sabha,LY,27.04,14.43,68.07,25,19,10.49,few clouds
275,Chabahar,IR,25.29,60.64,73.71,56,0,8.21,clear sky
276,Tarakan,ID,3.3,117.63,81.18,78,81,0.65,broken clouds
277,Balabac,PH,7.99,117.06,79.21,84,100,5.64,overcast clouds
278,Gayeri,BF,12.65,0.49,92.84,22,0,6.76,clear sky
279,Grand-Santi,GF,4.25,-54.38,95.47,40,11,4.83,few clouds
280,Mweka,CD,-4.85,21.57,68.22,98,91,0.54,overcast clouds
281,Axim,GH,4.87,-2.24,81.48,77,85,7.92,overcast clouds
282,Terrace,CA,54.52,-128.6,32.0,94,90,1.43,light snow
283,Methoni,GR,36.82,21.7,61.0,82,40,8.05,scattered clouds
284,Krasnyy Yar,RU,46.53,48.35,41.0,80,75,15.66,broken clouds
285,Amos,CA,48.57,-78.12,32.0,92,75,8.05,light snow
286,Codrington,AU,-38.27,141.97,55.0,91,100,18.21,light rain
287,Lahaina,US,20.88,-156.68,71.6,78,75,6.93,broken clouds
288,Kloulklubed,PW,7.04,134.26,78.8,83,75,11.99,broken clouds
289,Namatanai,PG,-3.67,152.43,79.5,80,93,5.99,overcast clouds
290,Umm Lajj,SA,25.02,37.27,74.25,59,0,13.53,clear sky
291,San Jose,US,37.34,-121.89,39.2,64,1,1.54,clear sky
292,Vilcun,CL,-38.65,-72.23,62.6,67,90,5.82,moderate rain
293,Norman Wells,CA,65.28,-126.83,-18.4,82,40,2.24,scattered clouds
294,Merke,KZ,42.87,73.18,27.18,94,100,4.18,light snow
295,Sao Pedro Do Sul,BR,-29.62,-54.18,71.6,94,75,10.29,light rain
296,Maues,BR,-3.38,-57.72,95.02,44,55,4.43,broken clouds
297,Broome,US,42.25,-75.83,42.01,86,90,11.41,mist
298,Awbari,LY,26.59,12.78,68.47,25,3,7.74,clear sky
299,San Rafael,AR,-34.62,-68.33,83.79,22,0,10.54,clear sky
300,Sorland,NO,67.67,12.69,44.85,86,100,27.92,moderate rain
301,Banjar,ID,-8.19,114.97,80.6,88,40,5.82,light rain
302,Ruteng,ID,-8.61,120.47,65.35,100,100,0.92,overcast clouds
303,Najran,SA,17.49,44.13,77.0,33,40,4.7,scattered clouds
304,Anadyr,RU,64.75,177.48,6.8,84,0,2.24,clear sky
305,Sao Gabriel Da Cachoeira,BR,-0.13,-67.09,89.31,63,88,2.86,overcast clouds
306,Bembereke,BJ,10.23,2.66,85.91,41,73,4.12,broken clouds
307,Bowen,AU,-20.02,148.23,73.4,73,75,4.7,broken clouds
308,Alpatovo,RU,43.7,45.24,30.2,86,0,2.24,clear sky
309,Tahe,CN,52.33,124.73,6.87,86,46,8.08,scattered clouds
310,Jefferson City,US,38.58,-92.17,46.0,75,1,5.5,clear sky
311,Haines Junction,CA,60.75,-137.51,26.6,63,91,4.7,overcast clouds
312,Sungurlu,TR,40.17,34.37,40.05,64,0,1.52,clear sky
313,Shenjiamen,CN,29.96,122.3,54.1,69,100,13.78,overcast clouds
314,Morondava,MG,-20.28,44.28,81.99,74,3,13.13,clear sky
315,Borogontsy,RU,62.67,131.17,-21.62,87,0,2.06,clear sky
316,Clyde River,CA,70.47,-68.59,-5.8,83,75,16.11,light snow
317,Mardin,TR,37.31,40.74,53.6,66,20,6.93,few clouds
318,Coquimbo,CL,-29.95,-71.34,62.6,72,20,14.99,few clouds
319,Jaumave,MX,23.42,-99.38,79.0,61,5,13.87,haze
320,Taoudenni,ML,22.68,-3.98,71.15,22,27,2.17,scattered clouds
321,Aykhal,RU,66.0,111.5,5.0,84,0,2.24,clear sky
322,Madera,US,37.17,-119.83,51.01,74,1,3.36,clear sky
323,Necochea,AR,-38.55,-58.74,72.0,67,77,6.58,light rain
324,Invermere,CA,50.52,-116.04,32.0,90,63,1.12,broken clouds
325,Evensk,RU,61.95,159.23,6.89,86,34,12.37,scattered clouds
326,Progreso,MX,21.28,-89.67,84.0,61,20,9.17,few clouds
327,Muravlenko,RU,63.79,74.52,-1.86,93,0,5.17,clear sky
328,Lokoja,NG,7.8,6.74,89.62,32,3,3.78,clear sky
329,Amalapuram,IN,16.58,82.02,75.2,69,75,6.93,haze
330,Katsuura,JP,35.13,140.3,51.01,43,75,14.99,broken clouds
331,Grindavik,IS,63.84,-22.43,33.8,72,90,11.41,overcast clouds
332,Hervey Bay,AU,-25.3,152.85,73.99,70,0,1.01,clear sky
333,Faanui,PF,-16.48,-151.75,80.49,77,2,5.7,clear sky
334,Pochutla,MX,15.74,-96.47,86.0,66,40,4.56,scattered clouds
335,Sao Francisco,BR,-15.95,-44.86,84.79,50,7,7.72,clear sky
336,Longyearbyen,SJ,78.22,15.64,24.8,73,90,29.97,light snow
337,Male,MV,4.17,73.51,78.8,88,20,4.74,few clouds
338,Khandyga,RU,62.67,135.6,-26.9,84,0,1.21,clear sky
339,Makurdi,NG,7.74,8.51,88.61,26,15,3.15,few clouds
340,Kamaishi,JP,39.27,141.88,36.01,80,0,6.53,clear sky
341,Saint Anthony,US,45.02,-93.22,42.01,52,1,6.93,clear sky
342,Nieuw Amsterdam,SR,5.88,-55.08,87.8,66,40,5.82,scattered clouds
343,Dudinka,RU,69.41,86.18,10.4,85,90,22.37,light snow
344,Muros,ES,42.78,-9.06,63.0,66,20,10.29,light rain
345,Kaduna,NG,10.52,7.44,83.61,24,16,5.99,few clouds
346,Galeana,MX,24.83,-100.07,66.99,51,23,1.01,few clouds
347,Orlovskiy,RU,46.87,42.06,40.68,91,64,12.64,broken clouds
348,Erenhot,CN,43.65,111.98,6.42,92,70,4.83,broken clouds
349,Nongstoin,IN,25.52,91.27,55.29,61,0,4.03,clear sky
350,Sinnamary,GF,5.38,-52.95,84.52,72,11,9.44,few clouds
351,Kuala Terengganu,MY,5.33,103.14,78.8,88,40,4.7,light rain
352,Zeya,RU,53.75,127.27,7.41,86,100,2.44,overcast clouds
353,Aberdeen,GB,57.14,-2.1,37.0,79,15,1.12,few clouds
354,Barinas,VE,8.62,-70.21,75.67,87,100,2.98,overcast clouds
355,Kodiak,US,57.79,-152.41,33.8,86,90,3.36,light snow
356,Ust-Tsilma,RU,65.44,52.15,14.95,95,87,4.63,overcast clouds
357,Koraput,IN,18.82,82.72,63.32,71,13,3.69,few clouds
358,Geraldton,AU,-28.77,114.6,62.6,67,82,12.75,broken clouds
359,Klyuchevskiy,RU,53.53,119.45,-0.54,91,74,2.53,broken clouds
360,Kentau,KZ,43.52,68.51,22.75,94,68,5.12,broken clouds
361,Chatham,GB,51.38,0.53,48.99,99,28,3.0,scattered clouds
362,Barra Do Garcas,BR,-15.89,-52.26,95.41,32,6,6.96,clear sky
363,Flin Flon,CA,54.77,-101.86,17.6,92,75,2.24,broken clouds
364,Tessalit,ML,20.2,1.01,74.55,20,81,7.56,broken clouds
365,Quatre Cocos,MU,-20.21,57.76,75.99,78,40,12.21,scattered clouds
366,Alausi,EC,-2.2,-78.83,51.75,92,97,3.15,light rain
367,Tonekabon,IR,36.82,50.87,48.2,87,40,4.79,scattered clouds
368,Aksarka,RU,66.56,67.8,4.66,93,58,9.89,broken clouds
369,Tarko-Sale,RU,64.92,77.78,-4.0,86,0,7.67,clear sky
370,Turukhansk,RU,65.82,87.98,-2.54,93,100,6.42,overcast clouds
371,Tommot,RU,58.96,126.29,1.65,91,100,7.83,overcast clouds
372,Alyangula,AU,-13.85,136.42,77.0,100,17,5.21,few clouds
373,Zhengjiatun,CN,43.51,123.51,8.67,92,100,5.19,overcast clouds
374,Kodinsk,RU,58.69,99.18,6.53,92,46,2.17,scattered clouds
375,Yeppoon,AU,-23.13,150.73,68.0,77,35,6.67,scattered clouds
376,Mayor Pablo Lagerenza,PY,-19.93,-60.77,100.13,29,20,11.68,few clouds
377,Akhmim,EG,26.56,31.75,68.0,45,0,10.29,clear sky
378,Shache,CN,38.42,77.24,23.83,87,7,4.47,clear sky
379,Half Moon Bay,US,37.46,-122.43,51.01,49,1,3.36,clear sky
380,Kampot,KH,10.62,104.18,80.6,69,40,1.12,scattered clouds
381,Devonport,AU,-41.17,146.35,53.01,94,100,4.32,light rain
382,Rawson,AR,-43.3,-65.1,61.95,43,41,14.9,scattered clouds
383,Janakpur,NP,26.72,85.91,64.47,54,0,2.77,clear sky
384,Sao Filipe,CV,14.9,-24.5,76.35,69,89,10.6,overcast clouds
385,Dubai,AE,25.26,55.3,77.0,57,0,11.41,clear sky
386,Dalaba,GN,10.7,-12.25,81.21,33,0,3.27,clear sky
387,Zhezkazgan,KZ,47.8,67.71,13.28,94,27,15.66,scattered clouds
388,Pestera,RO,44.18,28.13,28.4,100,90,5.82,fog
389,Piopio,NZ,-38.47,175.02,50.52,92,100,2.19,overcast clouds
390,Kutum,SD,14.2,24.67,69.6,24,0,11.77,clear sky
391,Wasilla,US,61.58,-149.44,37.4,47,1,19.46,clear sky
392,Oktyabrskoye,RU,43.06,44.74,23.0,92,6,4.47,clear sky
393,Beloha,MG,-25.17,45.05,74.44,80,57,15.5,broken clouds
394,Nova Vicosa,BR,-17.89,-39.37,81.05,67,28,9.53,scattered clouds
395,High Level,CA,58.52,-117.14,-7.6,91,5,4.7,smoke
396,Letterkenny,IE,54.95,-7.73,46.4,93,20,5.82,few clouds
397,Mandera,KE,3.94,41.87,91.47,33,78,7.96,broken clouds
398,Talaya,RU,61.38,152.75,-6.48,89,100,4.21,overcast clouds
399,Lavrentiya,RU,65.58,-171.0,19.6,93,100,18.41,overcast clouds
400,Tura,IN,25.52,90.22,62.64,68,0,4.07,clear sky
401,Talnakh,RU,69.49,88.4,10.4,85,90,22.37,light snow
402,Lormi,IN,22.28,81.73,64.78,58,0,4.94,clear sky
403,Syamzha,RU,60.02,41.06,18.16,96,100,7.9,overcast clouds
404,Ballina,AU,-28.87,153.57,71.6,78,35,12.75,scattered clouds
405,Pevek,RU,69.7,170.31,11.21,97,100,4.47,overcast clouds
406,Mareeba,AU,-17.0,145.43,75.2,88,75,10.29,broken clouds
407,Black River,JM,18.03,-77.85,84.0,74,20,9.17,few clouds
408,Snyder,US,32.72,-100.92,39.2,100,90,12.75,overcast clouds
409,Luganville,VU,-15.53,167.17,77.56,84,83,9.24,light rain
410,Suez,EG,29.97,32.53,64.85,52,3,4.27,clear sky
411,Prince Rupert,CA,54.32,-130.32,41.0,86,20,12.75,few clouds
412,Hobyo,SO,5.35,48.53,80.69,72,87,16.31,overcast clouds
413,Faridabad,IN,28.43,77.32,70.0,72,3,2.64,haze
414,Port Keats,AU,-14.25,129.55,82.33,71,20,5.21,few clouds
415,Takoradi,GH,4.88,-1.76,81.37,78,92,8.84,overcast clouds
416,Beira,MZ,-19.84,34.84,82.4,78,40,12.75,scattered clouds
417,Aleksandrov Gay,RU,50.15,48.57,30.51,97,76,8.97,broken clouds
418,Pachino,IT,36.72,15.09,66.0,84,82,1.01,light rain
419,Puerto Escondido,MX,15.85,-97.07,84.2,70,5,5.82,clear sky
420,Lorengau,PG,-2.02,147.27,81.77,81,46,8.93,moderate rain
421,Brae,GB,60.4,-1.35,48.2,81,62,11.41,broken clouds
422,Umm Bab,QA,25.21,50.81,75.2,53,1,5.82,clear sky
423,Soyo,AO,-6.13,12.37,78.85,83,63,8.28,broken clouds
424,Korla,CN,41.76,86.15,31.01,78,89,3.53,overcast clouds
425,Kyabe,TD,9.45,18.94,84.85,17,0,4.03,clear sky
426,Hofn,IS,64.25,-15.21,37.49,77,97,11.68,overcast clouds
427,Ternate,ID,0.8,127.4,82.06,76,88,2.93,moderate rain
428,Saint-Augustin,CA,51.23,-58.65,34.79,82,69,7.29,broken clouds
429,Sisimiut,GL,66.94,-53.67,18.5,85,73,11.86,broken clouds
430,Zarautz,ES,43.28,-2.17,60.01,72,43,1.01,scattered clouds
431,Carutapera,BR,-1.2,-46.02,86.5,66,82,9.64,broken clouds
432,Hutang,CN,31.53,119.48,37.0,95,100,4.83,overcast clouds
433,Carinhanha,BR,-14.3,-43.77,85.73,42,76,9.51,broken clouds
434,Lethem,GY,3.38,-59.8,92.88,47,26,6.98,scattered clouds
435,Kudahuvadhoo,MV,2.67,72.89,83.08,68,62,5.12,broken clouds
436,Nerchinskiy Zavod,RU,51.31,119.61,-10.59,89,32,1.48,scattered clouds
437,Nemuro,JP,43.32,145.57,34.54,83,19,14.41,few clouds
438,Brigantine,US,39.41,-74.36,57.99,50,1,13.87,clear sky
439,Aksu,CN,41.12,80.26,26.31,82,8,4.41,clear sky
440,San Cristobal,VE,7.77,-72.22,84.2,70,40,4.7,scattered clouds
441,Gazi,GR,35.33,25.07,59.0,87,20,2.24,few clouds
442,Gornopravdinsk,RU,60.05,69.9,5.16,94,0,2.91,clear sky
443,Tsumeb,NA,-19.23,17.72,79.83,48,72,11.34,broken clouds
444,Matamoros,MX,25.53,-103.25,71.6,60,40,6.53,scattered clouds
445,Ukiah,US,39.15,-123.21,50.0,44,1,1.77,clear sky
446,Rockland,US,41.17,-74.05,55.0,62,32,9.93,scattered clouds
447,Fort Nelson,CA,58.81,-122.7,-2.2,84,20,3.36,few clouds
448,Buala,SB,-8.14,159.59,81.37,74,64,3.51,broken clouds
449,Vila Franca Do Campo,PT,37.72,-25.43,57.2,54,40,16.11,scattered clouds
450,Constitucion,CL,-35.33,-72.42,65.12,55,1,15.64,clear sky
451,Luderitz,NA,-26.65,15.16,71.6,60,0,29.97,clear sky
452,Kyzyl,RU,51.7,94.45,0.59,90,74,0.47,broken clouds
453,Carauari,BR,-4.88,-66.9,87.58,72,100,3.56,moderate rain
454,Egvekinot,RU,66.32,-179.17,11.57,93,96,12.06,overcast clouds
455,Namibe,AO,-15.2,12.15,74.53,75,34,8.86,scattered clouds
456,Grand Gaube,MU,-20.01,57.66,75.99,74,9,5.99,clear sky
457,Shar,KZ,49.59,81.05,31.24,96,100,11.5,overcast clouds
458,Molchanovo,RU,57.58,83.77,7.0,95,0,4.5,clear sky
459,Fare,PF,-16.7,-151.02,80.65,76,0,0.94,clear sky
460,Devils Lake,US,48.11,-98.87,32.0,69,1,9.17,clear sky
461,Oussouye,SN,12.48,-16.55,91.4,33,0,4.7,clear sky
462,Muscat,OM,23.61,58.59,75.2,60,0,10.29,clear sky
463,Shetpe,KZ,44.17,52.12,33.33,85,0,14.72,clear sky
464,Jinchang,CN,38.5,102.17,23.23,80,91,2.08,overcast clouds
465,Kresek,ID,-6.13,106.38,82.0,69,40,6.93,scattered clouds
466,Ialibu,PG,-6.28,143.99,58.01,99,100,0.98,light rain
467,Bastrop,US,32.76,-91.87,51.8,76,1,4.7,clear sky
468,Balikpapan,ID,-1.27,116.83,78.03,88,100,4.59,overcast clouds
469,Shahr-E Kord,IR,32.33,50.86,42.8,93,90,2.24,overcast clouds
470,Nyurba,RU,63.28,118.33,-5.96,91,66,4.61,broken clouds
471,Alta Floresta,BR,-9.88,-56.09,92.86,41,45,5.08,scattered clouds
472,Iqaluit,CA,63.75,-68.51,23.0,92,75,5.82,light snow
473,Cabo San Lucas,MX,22.89,-109.91,71.6,83,40,2.24,scattered clouds
474,Marovoay,MG,-16.1,46.63,84.2,79,40,11.41,scattered clouds
475,Amberieu-En-Bugey,FR,45.96,5.34,44.6,81,0,5.82,clear sky
476,Kanker,IN,20.27,81.49,67.59,62,84,3.0,broken clouds
477,Tieli,CN,46.95,128.05,0.79,92,10,5.88,clear sky
478,Joshimath,IN,30.57,79.57,45.55,42,0,6.76,clear sky
479,Pasinler,TR,39.98,41.68,32.0,78,75,12.75,broken clouds
480,Isla Mujeres,MX,21.23,-86.73,84.2,62,75,9.17,broken clouds
481,Mishkino,RU,55.34,63.92,6.46,95,80,5.12,broken clouds
482,Walvis Bay,NA,-22.96,14.51,71.6,53,0,14.99,clear sky
483,Vestmannaeyjar,IS,63.44,-20.27,35.6,70,40,19.46,scattered clouds
484,Dakar,SN,14.69,-17.44,80.6,51,0,17.22,clear sky
485,Lubbenau,DE,51.87,13.97,39.0,76,94,1.01,overcast clouds
486,Fiumicino,IT,41.77,12.23,59.0,62,0,5.82,clear sky
487,Burdeos,PH,14.84,121.97,78.46,86,94,17.38,overcast clouds
488,Fomboni,KM,-12.28,43.74,82.22,76,10,10.8,clear sky
489,Palu,ID,-0.89,119.87,77.07,76,100,2.8,overcast clouds
490,Baglan,AF,36.13,68.71,43.18,70,0,1.5,clear sky
491,Ndele,CF,8.41,20.65,81.19,26,0,2.95,clear sky
492,Port Macquarie,AU,-31.43,152.92,64.99,88,95,10.11,overcast clouds
493,Reoti,IN,25.85,84.38,67.1,37,0,4.68,clear sky
494,Sakti,IN,22.03,82.97,67.69,49,0,3.69,clear sky
495,Vadso,NO,70.07,29.75,24.8,92,100,18.34,overcast clouds
496,Ciudad Ojeda,VE,10.2,-71.31,77.92,89,100,3.87,overcast clouds
497,Matagami,CA,49.75,-77.63,30.2,92,90,8.05,overcast clouds
498,Santa Ana,US,33.75,-117.87,64.0,13,1,6.93,clear sky
499,Cape Coast,GH,5.11,-1.25,80.96,79,99,9.62,light rain
500,Sioux Lookout,CA,50.1,-91.92,30.2,80,75,9.17,broken clouds
501,Aklavik,CA,68.22,-135.01,5.0,84,84,5.17,broken clouds
502,Labuhan,ID,-6.88,112.21,78.57,88,100,6.11,moderate rain
503,Ugoofaaru,MV,5.67,73.0,83.12,62,40,4.99,scattered clouds
504,Camopi,GF,3.17,-52.32,85.03,72,22,6.64,few clouds
505,Calbuco,CL,-41.77,-73.13,51.8,93,90,8.05,moderate rain
506,Kon Tum,VN,14.35,108.0,69.78,89,99,4.61,overcast clouds
507,Homer,US,59.64,-151.55,37.99,93,20,8.05,few clouds
508,Torbay,CA,47.67,-52.73,57.2,93,90,13.87,light intensity drizzle
509,Santa Maria,BR,-29.68,-53.81,69.8,100,90,8.05,light rain
510,Hirara,JP,24.8,125.28,69.04,76,23,24.79,few clouds
511,Qasigiannguit,GL,68.82,-51.19,10.4,51,20,4.7,few clouds
512,La Palma,US,33.85,-118.05,64.0,13,1,6.93,clear sky
513,Perry,US,37.25,-83.2,50.0,81,90,3.36,overcast clouds
514,Kimbe,PG,-5.55,150.14,76.57,86,91,3.2,overcast clouds
515,San Quintin,MX,30.48,-115.95,64.17,28,42,0.4,scattered clouds
516,Andapa,MG,-14.65,49.65,69.15,85,20,1.3,few clouds
517,Marshalltown,US,42.05,-92.91,45.0,58,1,13.87,clear sky
518,Ketchikan,US,55.34,-131.65,37.4,100,90,20.8,overcast clouds
519,Patacamaya,BO,-17.23,-67.92,61.48,34,43,6.42,light rain
520,Imbituba,BR,-28.24,-48.67,84.2,66,40,9.17,scattered clouds
521,Pacific Grove,US,36.62,-121.92,42.8,52,1,7.23,clear sky
522,Butler,US,39.45,-84.57,44.01,70,1,3.2,clear sky
523,Charlestown,AU,-32.95,151.67,75.2,64,75,10.29,broken clouds
524,Jishou,CN,28.32,109.72,39.42,83,41,0.43,scattered clouds
525,Ndola,ZM,-12.96,28.64,73.69,59,81,2.66,broken clouds
526,Amapa,BR,1.0,-52.0,83.25,81,72,4.32,broken clouds
527,Vetralla,IT,42.31,12.08,54.0,76,0,9.17,clear sky
528,Yakeshi,CN,49.28,120.73,-11.81,89,47,2.04,scattered clouds
529,Mosetse,BW,-20.75,26.65,79.84,53,94,3.38,light rain
530,Malakal,SS,9.53,31.66,81.82,19,16,5.3,few clouds
531,Vaitape,PF,-16.52,-151.75,81.34,76,2,5.68,clear sky
532,Rosetta,EG,31.4,30.42,66.2,63,40,8.05,scattered clouds
533,Guatire,VE,10.48,-66.54,80.6,83,75,2.24,broken clouds
534,Malanville,BJ,11.87,3.39,88.43,27,0,2.15,clear sky
535,Nioro,GM,13.35,-15.75,93.7,13,20,5.03,few clouds
536,Saint Paul,US,44.94,-93.09,44.01,60,1,8.99,clear sky
537,Norrtalje,SE,59.76,18.7,41.0,55,100,1.01,overcast clouds
538,Koygorodok,RU,60.45,51.0,9.19,95,0,4.74,clear sky
539,Mitu,CO,1.2,-70.17,80.08,91,100,2.1,overcast clouds
540,Muromtsevo,RU,56.37,75.24,5.7,94,26,4.79,scattered clouds
541,Kandrian,PG,-6.22,149.55,77.29,85,3,3.2,clear sky
542,Chenzhou,CN,25.8,113.03,43.54,82,100,4.05,overcast clouds
543,Ezequiel Montes,MX,20.67,-99.88,62.6,33,5,4.7,clear sky
544,Poum,NC,-20.23,164.02,75.47,76,35,13.76,scattered clouds
545,Phalodi,IN,27.13,72.37,62.58,28,0,5.23,clear sky
546,Tawang,IN,27.58,91.87,38.12,62,1,6.42,clear sky
547,Peniche,PT,39.36,-9.38,55.0,91,99,7.0,overcast clouds
548,Formiga,BR,-20.46,-45.43,79.88,57,30,7.2,light rain
549,Hayesville,US,44.99,-122.98,37.4,93,90,3.36,overcast clouds
550,Mackenzie,CA,55.3,-123.17,3.2,84,75,2.24,broken clouds
551,Adiake,CI,5.29,-3.3,82.4,83,40,5.82,scattered clouds
552,Jumla,NP,29.27,82.18,42.8,48,0,4.81,clear sky
553,Yerbogachen,RU,61.28,108.01,-13.0,89,47,3.71,scattered clouds
554,Pimentel,PE,-6.84,-79.93,73.4,64,0,17.22,clear sky
555,Manaure,CO,11.78,-72.44,85.14,69,96,15.75,overcast clouds
556,Ambovombe,MG,-25.17,46.08,74.17,91,17,14.54,few clouds
557,Zelenoborskiy,RU,66.84,32.36,19.99,100,40,7.25,scattered clouds
558,Gus-Khrustalnyy,RU,55.61,40.65,31.14,98,78,3.96,broken clouds
559,Crotone,IT,39.09,17.12,59.0,82,20,8.05,few clouds
560,Saint Pete Beach,US,27.73,-82.74,80.01,83,1,6.93,clear sky
561,El Tocuyo,VE,9.79,-69.79,73.4,100,100,1.12,overcast clouds
562,Besleney,RU,44.24,41.74,34.77,84,0,4.68,clear sky
563,Tomohon,ID,1.33,124.84,77.0,94,40,3.36,light rain
564,Atar,MR,20.52,-13.05,76.26,26,100,11.32,overcast clouds
565,Alcacer Do Sal,PT,38.37,-8.51,57.2,93,75,9.17,light rain
566,Valparaiso,CL,-33.04,-71.63,66.2,55,0,8.05,clear sky
567,Sydney,AU,-33.87,151.21,87.8,33,97,20.8,shower rain
568,Vestmanna,FO,62.16,-7.17,42.8,93,100,6.93,light intensity drizzle
569,Valley City,US,46.92,-98.0,37.4,59,1,18.34,clear sky
570,Hagere Hiywet,ET,8.98,37.85,59.2,80,77,4.16,moderate rain
571,Oxford,GB,51.75,-1.26,48.2,93,90,6.93,mist
572,Prabumulih,ID,-3.45,104.25,71.91,96,100,1.68,light rain
573,Bandarbeyla,SO,9.49,50.81,76.8,77,54,14.0,broken clouds
574,Les Escoumins,CA,48.11,-69.02,37.4,93,100,6.93,overcast clouds
575,Port Hedland,AU,-20.32,118.57,82.4,83,0,10.29,clear sky
576,Isiro,CD,2.77,27.62,69.85,95,93,0.76,light rain
577,Dergachi,RU,51.23,48.77,29.37,97,100,9.48,overcast clouds
578,Tongchuan,CN,35.08,109.09,29.28,93,7,3.22,clear sky
579,Warrnambool,AU,-38.38,142.48,59.0,95,100,32.39,light rain
580,Vardo,NO,70.37,31.11,33.91,89,100,26.75,overcast clouds
581,Flinders,AU,-34.58,150.86,82.4,45,100,12.75,overcast clouds
582,Marsaxlokk,MT,35.84,14.54,68.0,68,75,21.92,broken clouds
583,North Bend,US,43.41,-124.22,37.4,93,1,11.41,clear sky
584,Ishinomaki,JP,38.42,141.3,40.87,81,78,7.96,broken clouds
585,Manavalakurichi,IN,8.13,77.3,82.4,78,40,5.06,haze
586,Makakilo City,US,21.35,-158.09,71.6,73,1,3.36,clear sky
587,Gravdal,NO,68.12,13.5,43.11,90,100,30.87,light rain
588,Palmer,US,42.16,-72.33,50.0,76,75,5.82,broken clouds
589,Sanford,US,28.8,-81.27,80.01,61,1,9.17,clear sky
590,Lasa,IT,46.62,10.7,37.0,69,5,3.36,clear sky
591,Vytegra,RU,61.01,36.45,23.88,95,96,7.78,overcast clouds
592,Sabang,ID,5.89,95.32,78.58,85,100,11.07,overcast clouds
593,Zarichne,UA,51.81,26.13,31.24,98,100,5.41,overcast clouds
594,Sankheda,IN,22.17,73.58,71.6,60,0,5.82,haze
595,Inhambane,MZ,-23.86,35.38,78.8,78,75,9.17,broken clouds
596,Dhandhuka,IN,22.37,71.98,73.38,27,0,8.61,clear sky
597,Pangnirtung,CA,66.15,-65.71,21.2,67,90,6.93,overcast clouds
598,Mayumba,GA,-3.43,10.66,76.96,84,59,3.2,broken clouds
599,Ayan,RU,56.45,138.17,6.8,87,100,14.54,overcast clouds
600,Kyshtovka,RU,56.55,76.63,4.8,94,0,5.17,clear sky
601,Huaicheng,CN,23.91,112.19,51.84,69,1,2.82,clear sky
602,Imeni Poliny Osipenko,RU,52.42,136.49,6.24,94,100,2.86,overcast clouds
603,Cairns,AU,-16.92,145.77,75.2,88,75,10.29,broken clouds
604,Launceston,AU,-41.45,147.17,52.0,93,90,8.05,drizzle
605,Svetlyy,RU,54.67,20.13,39.2,80,75,13.42,broken clouds
606,Bulaevo,KZ,54.91,70.44,6.19,95,100,7.05,overcast clouds
607,Ikot Ekpene,NG,5.18,7.71,81.88,72,41,6.51,scattered clouds
608,Pundaguitan,PH,6.37,126.17,82.27,77,58,8.05,light rain
609,Meulaboh,ID,4.14,96.13,76.33,84,100,3.76,overcast clouds
610,Puerto Madryn,AR,-42.77,-65.04,64.65,40,33,20.18,scattered clouds
611,Atherton,GB,53.52,-2.49,46.99,83,100,1.99,overcast clouds
612,Rio Grande,BR,-32.03,-52.1,82.4,74,90,12.75,overcast clouds
613,Yanliang,CN,34.66,109.23,42.01,87,0,2.24,mist
614,Enid,US,36.4,-97.88,45.0,100,1,6.93,clear sky
615,Calderitas,MX,18.55,-88.25,84.2,74,40,11.41,scattered clouds
616,Bayir,TR,37.27,28.22,55.4,62,0,4.7,clear sky
617,Henties Bay,NA,-22.12,14.28,64.99,79,13,7.0,few clouds
618,Tevaitoa,PF,-16.78,-151.5,81.09,75,0,4.74,clear sky
619,Barcelos,PT,41.54,-8.62,60.8,63,40,16.11,light rain
620,Hastings,GB,50.86,0.57,50.0,82,37,1.01,scattered clouds
621,Vanimo,PG,-2.67,141.3,78.98,82,99,2.37,heavy intensity rain
622,Matara,LK,5.95,80.54,77.16,83,100,2.98,overcast clouds
623,Bud,US,39.45,-86.18,42.01,70,0,3.4,clear sky
624,Kirovskiy,RU,45.09,133.51,5.23,93,2,2.57,clear sky
625,Salinopolis,BR,-0.61,-47.36,85.19,70,30,13.58,light rain
626,Antalaha,MG,-14.9,50.28,74.79,81,0,6.31,clear sky
627,Acari,PE,-15.43,-74.62,83.07,39,85,10.76,overcast clouds
628,Reconquista,AR,-29.15,-59.65,90.39,58,82,10.6,moderate rain
629,La Asuncion,VE,11.03,-63.86,86.0,74,72,14.99,broken clouds
630,Ancud,CL,-41.87,-73.82,59.0,76,90,9.17,overcast clouds
631,Bayevo,RU,53.28,80.77,13.78,94,100,7.18,overcast clouds
632,Oranjestad,AW,12.52,-70.03,82.4,78,20,17.22,few clouds
633,Ambilobe,MG,-13.2,49.05,78.93,75,93,3.24,overcast clouds
634,Piranhas,BR,-16.43,-51.82,94.44,32,3,8.99,clear sky
635,Huilong,CN,31.81,121.66,46.99,82,96,8.72,overcast clouds
636,Hobe Sound,US,27.06,-80.14,81.0,57,1,5.82,clear sky
637,Botwood,CA,49.15,-55.35,51.01,90,49,3.02,scattered clouds
638,Krasnoselkup,RU,65.7,82.47,-4.58,92,62,7.74,broken clouds
639,Kidal,ML,18.44,1.41,81.91,15,3,8.12,clear sky
640,Jardim,BR,-21.48,-56.14,96.73,31,29,3.91,scattered clouds
641,Goderich,CA,43.75,-81.72,39.2,60,17,13.87,few clouds
642,Zabaykalsk,RU,49.63,117.32,-0.18,88,0,5.75,clear sky
643,Tautira,PF,-17.73,-149.15,78.8,88,75,4.7,shower rain
644,Kvitok,RU,56.07,98.48,3.9,93,0,0.69,clear sky
645,Rorvik,NO,64.86,11.24,39.61,73,59,16.04,broken clouds
646,Dalvik,IS,65.97,-18.53,33.8,59,75,11.41,broken clouds
647,Sambhar,IN,26.92,75.2,66.2,48,0,3.36,haze
648,Bonavista,CA,48.65,-53.11,54.0,100,96,5.82,light rain
649,Ucluelet,CA,48.93,-125.55,37.4,100,5,6.93,fog
650,Clonakilty,IE,51.62,-8.87,51.01,100,90,14.99,fog
651,Katangli,RU,51.71,143.23,14.56,94,100,12.97,overcast clouds
652,Harper,LR,4.38,-7.72,82.15,73,8,7.63,clear sky
653,Moche,PE,-8.17,-79.01,66.2,82,83,12.75,broken clouds
654,Saint-Francois,FR,46.42,3.91,48.2,61,0,3.38,clear sky
655,Gua Musang,MY,4.88,101.96,73.63,92,95,0.67,overcast clouds
656,Khasan,RU,42.43,130.64,25.36,83,0,16.69,clear sky
657,Kampene,CD,-3.6,26.67,71.89,91,99,2.26,moderate rain
658,Urumqi,CN,43.8,87.6,24.8,68,75,2.24,snow
659,Berdigestyakh,RU,62.1,126.7,-8.93,90,100,4.76,overcast clouds
660,Usak,TR,38.5,29.42,41.61,59,0,1.43,clear sky
661,Hornepayne,CA,49.21,-84.77,32.67,91,57,9.66,broken clouds
662,Penzance,GB,50.12,-5.54,53.6,100,100,18.34,overcast clouds
663,Binga,ZW,-17.62,27.34,81.86,58,52,4.61,broken clouds
664,Moron,AR,-34.65,-58.62,66.2,88,90,6.93,light rain
665,Komsomolskiy,UZ,40.43,71.72,33.8,80,11,0.54,mist
666,Hovd,MN,48.01,91.64,10.83,93,0,0.81,clear sky
667,Lucea,JM,18.45,-78.17,84.0,74,20,9.17,few clouds
668,Southbury,US,41.48,-73.21,54.0,70,90,4.7,overcast clouds
669,Petrozavodsk,RU,61.78,34.35,28.4,92,99,6.71,overcast clouds
670,Pedasi,PA,7.53,-80.03,81.91,75,36,8.93,light rain
671,Probolinggo,ID,-7.75,113.22,78.17,84,100,3.33,overcast clouds
672,Sanand,IN,22.98,72.38,71.6,37,0,8.05,smoke
673,Great Falls,US,47.5,-111.3,46.0,22,1,23.04,clear sky
674,Kitami,JP,43.8,143.89,33.01,74,51,8.99,broken clouds
675,Maraa,BR,-1.83,-65.37,89.26,61,30,5.55,scattered clouds
676,Beloostrov,RU,60.15,30.0,34.0,87,91,1.99,overcast clouds
677,Tuni,IN,17.35,82.55,71.87,76,7,6.93,clear sky
678,Manama,BH,26.22,50.58,77.0,69,0,10.29,clear sky
679,Ust-Nera,RU,64.57,143.2,-12.06,81,57,3.71,broken clouds
680,Kirakira,SB,-10.45,161.92,79.9,78,93,4.38,light rain
681,Lakes Entrance,AU,-37.88,147.98,61.0,96,99,6.13,overcast clouds
